{"client_meta":{"background_color":{"r":0.8980392217636108,"g":0.8980392217636108,"b":0.8980392217636108,"a":1},"thumbnail_size":{"width":303,"height":400},"render_coordinates":{"x":0,"y":-900,"width":4560,"height":6020}},"file_name":"SeanBuilds Website Prototype","developer_related_links":[],"exported_at":"2026-06-15T18:37:38.024Z"}